customer_id,customer_age,gender,location,join_date
1,40,Male,Texas,2020-01-01 00:00:00.000000000
2,33,Female,New York,2020-01-02 11:04:30.270270270
3,42,Male,Illinois,2020-01-03 22:09:00.540540540
4,53,Female,Texas,2020-01-05 09:13:30.810810810
5,32,Male,Texas,2020-01-06 20:18:01.081081081
6,32,Male,New York,2020-01-08 07:22:31.351351351
7,53,Male,Illinois,2020-01-09 18:27:01.621621621
8,44,Male,Florida,2020-01-11 05:31:31.891891891
9,29,Female,Illinois,2020-01-12 16:36:02.162162162
10,41,Male,California,2020-01-14 03:40:32.432432432
11,29,Female,Florida,2020-01-15 14:45:02.702702702
12,29,Male,Texas,2020-01-17 01:49:32.972972973
13,37,Male,Florida,2020-01-18 12:54:03.243243243
14,18,Male,Texas,2020-01-19 23:58:33.513513513
15,18,Female,Texas,2020-01-21 11:03:03.783783783
16,28,Male,Florida,2020-01-22 22:07:34.054054054
17,22,Female,Texas,2020-01-24 09:12:04.324324324
18,38,Female,Texas,2020-01-25 20:16:34.594594594
19,24,Female,California,2020-01-27 07:21:04.864864865
20,18,Female,Illinois,2020-01-28 18:25:35.135135135
21,52,Female,Illinois,2020-01-30 05:30:05.405405405
22,32,Female,California,2020-01-31 16:34:35.675675675
23,35,Female,Florida,2020-02-02 03:39:05.945945946
24,18,Female,New York,2020-02-03 14:43:36.216216216
25,28,Female,New York,2020-02-05 01:48:06.486486486
26,36,Male,New York,2020-02-06 12:52:36.756756756
27,21,Male,California,2020-02-07 23:57:07.027027027
28,39,Male,California,2020-02-09 11:01:37.297297297
29,27,Male,Texas,2020-02-10 22:06:07.567567567
30,31,Male,New York,2020-02-12 09:10:37.837837837
31,27,Female,Florida,2020-02-13 20:15:08.108108108
32,57,Female,Florida,2020-02-15 07:19:38.378378378
33,34,Female,New York,2020-02-16 18:24:08.648648648
34,22,Female,New York,2020-02-18 05:28:38.918918919
35,44,Female,New York,2020-02-19 16:33:09.189189189
36,20,Female,California,2020-02-21 03:37:39.459459459
37,37,Female,California,2020-02-22 14:42:09.729729730
38,18,Male,California,2020-02-24 01:46:40.000000000
39,19,Male,Illinois,2020-02-25 12:51:10.270270270
40,37,Male,Florida,2020-02-26 23:55:40.540540540
41,43,Male,Florida,2020-02-28 11:00:10.810810811
42,37,Female,Texas,2020-02-29 22:04:41.081081081
43,33,Female,California,2020-03-02 09:09:11.351351351
44,31,Female,Illinois,2020-03-03 20:13:41.621621621
45,18,Male,Illinois,2020-03-05 07:18:11.891891892
46,26,Female,Florida,2020-03-06 18:22:42.162162162
47,29,Female,California,2020-03-08 05:27:12.432432432
48,47,Female,Texas,2020-03-09 16:31:42.702702702
49,39,Male,California,2020-03-11 03:36:12.972972973
50,18,Female,New York,2020-03-12 14:40:43.243243243
51,38,Male,California,2020-03-14 01:45:13.513513513
52,30,Male,New York,2020-03-15 12:49:43.783783784
53,26,Male,New York,2020-03-16 23:54:14.054054054
54,42,Male,Texas,2020-03-18 10:58:44.324324324
55,47,Female,Florida,2020-03-19 22:03:14.594594594
56,46,Male,California,2020-03-21 09:07:44.864864865
57,24,Male,New York,2020-03-22 20:12:15.135135135
58,31,Female,California,2020-03-24 07:16:45.405405405
59,38,Female,Florida,2020-03-25 18:21:15.675675675
60,46,Male,Florida,2020-03-27 05:25:45.945945946
61,29,Female,Illinois,2020-03-28 16:30:16.216216216
62,32,Male,Florida,2020-03-30 03:34:46.486486486
63,21,Male,Texas,2020-03-31 14:39:16.756756756
64,20,Male,New York,2020-04-02 01:43:47.027027027
65,44,Male,Illinois,2020-04-03 12:48:17.297297297
66,51,Female,Texas,2020-04-04 23:52:47.567567567
67,34,Male,California,2020-04-06 10:57:17.837837838
68,47,Female,New York,2020-04-07 22:01:48.108108108
69,39,Female,Florida,2020-04-09 09:06:18.378378378
70,27,Female,New York,2020-04-10 20:10:48.648648648
71,39,Female,California,2020-04-12 07:15:18.918918919
72,53,Male,Illinois,2020-04-13 18:19:49.189189189
73,34,Female,Illinois,2020-04-15 05:24:19.459459460
74,53,Male,Illinois,2020-04-16 16:28:49.729729730
75,18,Female,Florida,2020-04-18 03:33:20.000000000
76,44,Female,Texas,2020-04-19 14:37:50.270270270
77,36,Male,Texas,2020-04-21 01:42:20.540540540
78,31,Male,New York,2020-04-22 12:46:50.810810810
79,36,Male,Florida,2020-04-23 23:51:21.081081080
80,18,Female,Illinois,2020-04-25 10:55:51.351351350
81,32,Female,Illinois,2020-04-26 22:00:21.621621622
82,39,Male,California,2020-04-28 09:04:51.891891892
83,52,Male,California,2020-04-29 20:09:22.162162162
84,28,Male,Illinois,2020-05-01 07:13:52.432432432
85,25,Male,Illinois,2020-05-02 18:18:22.702702702
86,28,Female,Florida,2020-05-04 05:22:52.972972972
87,45,Male,Texas,2020-05-05 16:27:23.243243242
88,38,Male,California,2020-05-07 03:31:53.513513514
89,28,Male,Texas,2020-05-08 14:36:23.783783784
90,41,Male,Florida,2020-05-10 01:40:54.054054054
91,36,Female,Illinois,2020-05-11 12:45:24.324324324
92,46,Male,Texas,2020-05-12 23:49:54.594594594
93,26,Female,Illinois,2020-05-14 10:54:24.864864864
94,31,Male,Illinois,2020-05-15 21:58:55.135135134
95,30,Male,New York,2020-05-17 09:03:25.405405404
96,18,Female,Texas,2020-05-18 20:07:55.675675676
97,38,Male,Texas,2020-05-20 07:12:25.945945946
98,38,Female,Illinois,2020-05-21 18:16:56.216216216
99,35,Female,Florida,2020-05-23 05:21:26.486486486
100,32,Male,New York,2020-05-24 16:25:56.756756756
101,18,Female,Illinois,2020-05-26 03:30:27.027027026
102,29,Female,California,2020-05-27 14:34:57.297297296
103,30,Female,California,2020-05-29 01:39:27.567567568
104,25,Female,New York,2020-05-30 12:43:57.837837838
105,33,Female,Florida,2020-05-31 23:48:28.108108108
106,39,Female,Illinois,2020-06-02 10:52:58.378378378
107,57,Female,Texas,2020-06-03 21:57:28.648648648
108,37,Female,New York,2020-06-05 09:01:58.918918918
109,38,Male,Florida,2020-06-06 20:06:29.189189188
110,34,Male,Texas,2020-06-08 07:10:59.459459458
111,18,Female,California,2020-06-09 18:15:29.729729730
112,34,Male,California,2020-06-11 05:20:00.000000000
113,35,Female,Texas,2020-06-12 16:24:30.270270270
114,64,Female,New York,2020-06-14 03:29:00.540540540
115,32,Male,California,2020-06-15 14:33:30.810810810
116,38,Female,Illinois,2020-06-17 01:38:01.081081080
117,34,Female,Texas,2020-06-18 12:42:31.351351350
118,20,Female,Texas,2020-06-19 23:47:01.621621622
119,48,Female,California,2020-06-21 10:51:31.891891892
120,44,Male,New York,2020-06-22 21:56:02.162162162
121,44,Female,Illinois,2020-06-24 09:00:32.432432432
122,24,Female,New York,2020-06-25 20:05:02.702702702
123,51,Female,Florida,2020-06-27 07:09:32.972972972
124,18,Male,Florida,2020-06-28 18:14:03.243243242
125,42,Female,California,2020-06-30 05:18:33.513513512
126,61,Male,California,2020-07-01 16:23:03.783783784
127,23,Male,California,2020-07-03 03:27:34.054054054
128,28,Female,Florida,2020-07-04 14:32:04.324324324
129,36,Female,New York,2020-07-06 01:36:34.594594594
130,28,Male,New York,2020-07-07 12:41:04.864864864
131,18,Female,California,2020-07-08 23:45:35.135135134
132,35,Male,Illinois,2020-07-10 10:50:05.405405404
133,22,Male,New York,2020-07-11 21:54:35.675675676
134,40,Female,Florida,2020-07-13 08:59:05.945945946
135,23,Female,Texas,2020-07-14 20:03:36.216216216
136,53,Male,Texas,2020-07-16 07:08:06.486486486
137,25,Male,Texas,2020-07-17 18:12:36.756756756
138,31,Male,Illinois,2020-07-19 05:17:07.027027026
139,44,Male,California,2020-07-20 16:21:37.297297296
140,20,Female,Florida,2020-07-22 03:26:07.567567566
141,37,Female,Illinois,2020-07-23 14:30:37.837837838
142,50,Female,Florida,2020-07-25 01:35:08.108108108
143,18,Female,Florida,2020-07-26 12:39:38.378378378
144,37,Female,California,2020-07-27 23:44:08.648648648
145,38,Male,Texas,2020-07-29 10:48:38.918918920
146,44,Female,California,2020-07-30 21:53:09.189189188
147,20,Female,Illinois,2020-08-01 08:57:39.459459460
148,19,Female,Illinois,2020-08-02 20:02:09.729729728
149,41,Female,Illinois,2020-08-04 07:06:40.000000000
150,38,Female,California,2020-08-05 18:11:10.270270268
151,38,Male,Florida,2020-08-07 05:15:40.540540540
152,39,Male,Florida,2020-08-08 16:20:10.810810812
153,26,Male,New York,2020-08-10 03:24:41.081081080
154,37,Female,Illinois,2020-08-11 14:29:11.351351352
155,38,Male,Florida,2020-08-13 01:33:41.621621620
156,26,Male,New York,2020-08-14 12:38:11.891891892
157,57,Female,Florida,2020-08-15 23:42:42.162162160
158,40,Female,Illinois,2020-08-17 10:47:12.432432432
159,20,Female,Texas,2020-08-18 21:51:42.702702700
160,42,Male,Illinois,2020-08-20 08:56:12.972972972
161,23,Male,California,2020-08-21 20:00:43.243243244
162,44,Female,Florida,2020-08-23 07:05:13.513513512
163,48,Female,Florida,2020-08-24 18:09:43.783783784
164,25,Male,California,2020-08-26 05:14:14.054054052
165,46,Male,California,2020-08-27 16:18:44.324324324
166,39,Female,Texas,2020-08-29 03:23:14.594594592
167,44,Female,Florida,2020-08-30 14:27:44.864864864
168,57,Male,Florida,2020-09-01 01:32:15.135135136
169,32,Female,Texas,2020-09-02 12:36:45.405405404
170,25,Male,New York,2020-09-03 23:41:15.675675676
171,24,Male,Texas,2020-09-05 10:45:45.945945944
172,25,Male,Illinois,2020-09-06 21:50:16.216216216
173,34,Male,Florida,2020-09-08 08:54:46.486486484
174,39,Female,California,2020-09-09 19:59:16.756756756
175,38,Female,Illinois,2020-09-11 07:03:47.027027028
176,44,Male,Florida,2020-09-12 18:08:17.297297296
177,35,Male,Texas,2020-09-14 05:12:47.567567568
178,52,Male,Illinois,2020-09-15 16:17:17.837837836
179,31,Male,Florida,2020-09-17 03:21:48.108108108
180,67,Male,New York,2020-09-18 14:26:18.378378376
181,42,Female,New York,2020-09-20 01:30:48.648648648
182,24,Female,California,2020-09-21 12:35:18.918918920
183,22,Female,Florida,2020-09-22 23:39:49.189189188
184,40,Female,New York,2020-09-24 10:44:19.459459460
185,32,Male,Texas,2020-09-25 21:48:49.729729728
186,43,Male,Florida,2020-09-27 08:53:20.000000000
187,40,Male,Texas,2020-09-28 19:57:50.270270268
188,34,Male,Texas,2020-09-30 07:02:20.540540540
189,24,Male,New York,2020-10-01 18:06:50.810810808
190,18,Female,Florida,2020-10-03 05:11:21.081081080
191,29,Male,Illinois,2020-10-04 16:15:51.351351352
192,45,Female,New York,2020-10-06 03:20:21.621621620
193,37,Female,New York,2020-10-07 14:24:51.891891892
194,20,Female,Florida,2020-10-09 01:29:22.162162160
195,37,Female,Florida,2020-10-10 12:33:52.432432432
196,39,Male,Texas,2020-10-11 23:38:22.702702700
197,24,Female,Florida,2020-10-13 10:42:52.972972972
198,36,Female,Texas,2020-10-14 21:47:23.243243244
199,35,Female,New York,2020-10-16 08:51:53.513513512
200,21,Male,California,2020-10-17 19:56:23.783783784
201,39,Male,Illinois,2020-10-19 07:00:54.054054052
202,41,Male,New York,2020-10-20 18:05:24.324324324
203,47,Female,Florida,2020-10-22 05:09:54.594594592
204,47,Female,Illinois,2020-10-23 16:14:24.864864864
205,18,Male,California,2020-10-25 03:18:55.135135136
206,23,Female,California,2020-10-26 14:23:25.405405404
207,41,Male,Texas,2020-10-28 01:27:55.675675676
208,41,Male,Illinois,2020-10-29 12:32:25.945945944
209,41,Female,Texas,2020-10-30 23:36:56.216216216
210,80,Female,New York,2020-11-01 10:41:26.486486484
211,41,Female,Illinois,2020-11-02 21:45:56.756756756
212,48,Female,New York,2020-11-04 08:50:27.027027028
213,46,Male,Texas,2020-11-05 19:54:57.297297296
214,42,Male,Illinois,2020-11-07 06:59:27.567567568
215,31,Male,Texas,2020-11-08 18:03:57.837837836
216,44,Male,Illinois,2020-11-10 05:08:28.108108108
217,25,Male,Texas,2020-11-11 16:12:58.378378376
218,32,Female,California,2020-11-13 03:17:28.648648648
219,29,Male,Texas,2020-11-14 14:21:58.918918916
220,35,Male,California,2020-11-16 01:26:29.189189188
221,62,Male,Texas,2020-11-17 12:30:59.459459460
222,18,Female,Illinois,2020-11-18 23:35:29.729729728
223,43,Female,Illinois,2020-11-20 10:40:00.000000000
224,18,Female,Illinois,2020-11-21 21:44:30.270270268
225,29,Female,Florida,2020-11-23 08:49:00.540540540
226,48,Male,New York,2020-11-24 19:53:30.810810808
227,35,Male,Illinois,2020-11-26 06:58:01.081081080
228,22,Female,California,2020-11-27 18:02:31.351351352
229,26,Female,Illinois,2020-11-29 05:07:01.621621620
230,43,Male,Florida,2020-11-30 16:11:31.891891892
231,26,Male,California,2020-12-02 03:16:02.162162160
232,37,Female,Florida,2020-12-03 14:20:32.432432432
233,35,Female,California,2020-12-05 01:25:02.702702700
234,27,Female,Texas,2020-12-06 12:29:32.972972972
235,60,Female,New York,2020-12-07 23:34:03.243243244
236,42,Male,New York,2020-12-09 10:38:33.513513512
237,18,Male,Florida,2020-12-10 21:43:03.783783784
238,37,Male,New York,2020-12-12 08:47:34.054054052
239,27,Female,Florida,2020-12-13 19:52:04.324324324
240,45,Female,Florida,2020-12-15 06:56:34.594594592
241,25,Male,Florida,2020-12-16 18:01:04.864864864
242,33,Male,New York,2020-12-18 05:05:35.135135136
243,41,Male,Florida,2020-12-19 16:10:05.405405404
244,45,Male,New York,2020-12-21 03:14:35.675675676
245,20,Female,Florida,2020-12-22 14:19:05.945945944
246,30,Male,Illinois,2020-12-24 01:23:36.216216216
247,29,Male,Florida,2020-12-25 12:28:06.486486484
248,27,Male,California,2020-12-26 23:32:36.756756756
249,56,Male,Florida,2020-12-28 10:37:07.027027024
250,39,Male,Texas,2020-12-29 21:41:37.297297296
251,19,Male,Florida,2020-12-31 08:46:07.567567568
252,46,Male,California,2021-01-01 19:50:37.837837836
253,60,Female,California,2021-01-03 06:55:08.108108108
254,47,Female,New York,2021-01-04 17:59:38.378378376
255,18,Female,Illinois,2021-01-06 05:04:08.648648648
256,29,Female,Florida,2021-01-07 16:08:38.918918916
257,50,Male,New York,2021-01-09 03:13:09.189189188
258,26,Female,Illinois,2021-01-10 14:17:39.459459460
259,40,Female,Florida,2021-01-12 01:22:09.729729728
260,44,Male,Texas,2021-01-13 12:26:40.000000000
261,23,Male,Florida,2021-01-14 23:31:10.270270268
262,34,Female,California,2021-01-16 10:35:40.540540540
263,18,Female,California,2021-01-17 21:40:10.810810808
264,22,Male,Texas,2021-01-19 08:44:41.081081080
265,31,Female,New York,2021-01-20 19:49:11.351351352
266,20,Male,Illinois,2021-01-22 06:53:41.621621620
267,54,Male,Florida,2021-01-23 17:58:11.891891892
268,18,Male,California,2021-01-25 05:02:42.162162160
269,29,Male,New York,2021-01-26 16:07:12.432432432
270,36,Female,Texas,2021-01-28 03:11:42.702702700
271,52,Male,California,2021-01-29 14:16:12.972972972
272,18,Male,Texas,2021-01-31 01:20:43.243243240
273,48,Female,Florida,2021-02-01 12:25:13.513513512
274,35,Male,Illinois,2021-02-02 23:29:43.783783784
275,23,Female,California,2021-02-04 10:34:14.054054052
276,40,Female,California,2021-02-05 21:38:44.324324324
277,37,Female,Florida,2021-02-07 08:43:14.594594592
278,27,Male,New York,2021-02-08 19:47:44.864864864
279,35,Female,Illinois,2021-02-10 06:52:15.135135132
280,30,Female,California,2021-02-11 17:56:45.405405404
281,36,Male,Illinois,2021-02-13 05:01:15.675675676
282,42,Female,California,2021-02-14 16:05:45.945945944
283,54,Female,Illinois,2021-02-16 03:10:16.216216216
284,20,Female,Texas,2021-02-17 14:14:46.486486484
285,60,Female,California,2021-02-19 01:19:16.756756756
286,18,Female,Illinois,2021-02-20 12:23:47.027027024
287,33,Male,New York,2021-02-21 23:28:17.297297296
288,42,Female,Texas,2021-02-23 10:32:47.567567568
289,38,Female,Texas,2021-02-24 21:37:17.837837840
290,27,Male,New York,2021-02-26 08:41:48.108108104
291,32,Male,Illinois,2021-02-27 19:46:18.378378376
292,29,Male,Florida,2021-03-01 06:50:48.648648648
293,27,Female,New York,2021-03-02 17:55:18.918918920
294,45,Male,Illinois,2021-03-04 04:59:49.189189184
295,39,Female,New York,2021-03-05 16:04:19.459459456
296,26,Female,New York,2021-03-07 03:08:49.729729728
297,45,Male,California,2021-03-08 14:13:20.000000000
298,38,Male,Illinois,2021-03-10 01:17:50.270270272
299,44,Female,Florida,2021-03-11 12:22:20.540540536
300,42,Male,California,2021-03-12 23:26:50.810810808
301,25,Female,New York,2021-03-14 10:31:21.081081080
302,28,Male,New York,2021-03-15 21:35:51.351351352
303,43,Male,New York,2021-03-17 08:40:21.621621624
304,42,Male,Illinois,2021-03-18 19:44:51.891891888
305,34,Female,Illinois,2021-03-20 06:49:22.162162160
306,36,Male,California,2021-03-21 17:53:52.432432432
307,50,Female,Florida,2021-03-23 04:58:22.702702704
308,27,Female,California,2021-03-24 16:02:52.972972968
309,41,Female,Texas,2021-03-26 03:07:23.243243240
310,32,Female,New York,2021-03-27 14:11:53.513513512
311,32,Male,New York,2021-03-29 01:16:23.783783784
312,48,Female,New York,2021-03-30 12:20:54.054054056
313,44,Female,California,2021-03-31 23:25:24.324324320
314,44,Male,California,2021-04-02 10:29:54.594594592
315,50,Female,New York,2021-04-03 21:34:24.864864864
316,35,Male,California,2021-04-05 08:38:55.135135136
317,43,Female,Illinois,2021-04-06 19:43:25.405405400
318,31,Male,Illinois,2021-04-08 06:47:55.675675672
319,38,Female,California,2021-04-09 17:52:25.945945944
320,33,Male,New York,2021-04-11 04:56:56.216216216
321,36,Female,California,2021-04-12 16:01:26.486486488
322,42,Female,California,2021-04-14 03:05:56.756756752
323,25,Male,California,2021-04-15 14:10:27.027027024
324,60,Male,Texas,2021-04-17 01:14:57.297297296
325,22,Male,Illinois,2021-04-18 12:19:27.567567568
326,20,Male,Florida,2021-04-19 23:23:57.837837840
327,48,Female,Florida,2021-04-21 10:28:28.108108104
328,44,Female,Texas,2021-04-22 21:32:58.378378376
329,42,Male,California,2021-04-24 08:37:28.648648648
330,42,Female,Texas,2021-04-25 19:41:58.918918920
331,34,Male,Texas,2021-04-27 06:46:29.189189184
332,24,Male,New York,2021-04-28 17:50:59.459459456
333,35,Female,Illinois,2021-04-30 04:55:29.729729728
334,26,Female,Florida,2021-05-01 16:00:00.000000000
335,46,Female,California,2021-05-03 03:04:30.270270272
336,33,Female,Florida,2021-05-04 14:09:00.540540536
337,25,Female,Florida,2021-05-06 01:13:30.810810808
338,31,Female,Illinois,2021-05-07 12:18:01.081081080
339,39,Female,Florida,2021-05-08 23:22:31.351351352
340,28,Male,Florida,2021-05-10 10:27:01.621621624
341,25,Male,Texas,2021-05-11 21:31:31.891891888
342,37,Male,Illinois,2021-05-13 08:36:02.162162160
343,37,Male,New York,2021-05-14 19:40:32.432432432
344,28,Male,California,2021-05-16 06:45:02.702702704
345,29,Female,Florida,2021-05-17 17:49:32.972972968
346,37,Male,California,2021-05-19 04:54:03.243243240
347,18,Male,New York,2021-05-20 15:58:33.513513512
348,18,Male,California,2021-05-22 03:03:03.783783784
349,26,Male,New York,2021-05-23 14:07:34.054054056
350,32,Male,Texas,2021-05-25 01:12:04.324324320
351,38,Male,Florida,2021-05-26 12:16:34.594594592
352,52,Male,New York,2021-05-27 23:21:04.864864864
353,45,Female,California,2021-05-29 10:25:35.135135136
354,33,Female,Florida,2021-05-30 21:30:05.405405400
355,34,Male,Texas,2021-06-01 08:34:35.675675672
356,22,Female,Florida,2021-06-02 19:39:05.945945944
357,34,Female,New York,2021-06-04 06:43:36.216216216
358,31,Female,Texas,2021-06-05 17:48:06.486486488
359,38,Female,California,2021-06-07 04:52:36.756756752
360,25,Male,Texas,2021-06-08 15:57:07.027027024
361,41,Female,Texas,2021-06-10 03:01:37.297297296
362,53,Female,Illinois,2021-06-11 14:06:07.567567568
363,33,Female,Texas,2021-06-13 01:10:37.837837840
364,39,Male,Texas,2021-06-14 12:15:08.108108104
365,43,Male,Florida,2021-06-15 23:19:38.378378376
366,30,Male,California,2021-06-17 10:24:08.648648648
367,37,Male,Florida,2021-06-18 21:28:38.918918920
368,35,Male,Florida,2021-06-20 08:33:09.189189184
369,36,Male,New York,2021-06-21 19:37:39.459459456
370,25,Male,Florida,2021-06-23 06:42:09.729729728
371,35,Female,Illinois,2021-06-24 17:46:40.000000000
372,40,Female,Illinois,2021-06-26 04:51:10.270270272
373,52,Female,New York,2021-06-27 15:55:40.540540536
374,46,Male,California,2021-06-29 03:00:10.810810808
375,60,Male,California,2021-06-30 14:04:41.081081080
376,25,Male,Florida,2021-07-02 01:09:11.351351352
377,45,Male,Florida,2021-07-03 12:13:41.621621616
378,37,Male,Florida,2021-07-04 23:18:11.891891888
379,61,Female,California,2021-07-06 10:22:42.162162160
380,25,Female,Texas,2021-07-07 21:27:12.432432432
381,24,Male,Illinois,2021-07-09 08:31:42.702702704
382,27,Male,Texas,2021-07-10 19:36:12.972972968
383,18,Male,Texas,2021-07-12 06:40:43.243243240
384,28,Male,California,2021-07-13 17:45:13.513513512
385,25,Female,Texas,2021-07-15 04:49:43.783783784
386,36,Male,New York,2021-07-16 15:54:14.054054056
387,39,Male,Florida,2021-07-18 02:58:44.324324320
388,57,Male,New York,2021-07-19 14:03:14.594594592
389,46,Male,Illinois,2021-07-21 01:07:44.864864864
390,28,Female,Florida,2021-07-22 12:12:15.135135136
391,24,Male,Texas,2021-07-23 23:16:45.405405400
392,40,Male,Illinois,2021-07-25 10:21:15.675675672
393,19,Female,Florida,2021-07-26 21:25:45.945945944
394,56,Female,Texas,2021-07-28 08:30:16.216216216
395,49,Female,New York,2021-07-29 19:34:46.486486488
396,29,Male,Florida,2021-07-31 06:39:16.756756752
397,18,Male,Texas,2021-08-01 17:43:47.027027024
398,51,Female,New York,2021-08-03 04:48:17.297297296
399,33,Female,Illinois,2021-08-04 15:52:47.567567568
400,49,Female,Illinois,2021-08-06 02:57:17.837837832
401,18,Female,Illinois,2021-08-07 14:01:48.108108104
402,27,Female,Illinois,2021-08-09 01:06:18.378378376
403,35,Female,California,2021-08-10 12:10:48.648648648
404,35,Male,Florida,2021-08-11 23:15:18.918918920
405,29,Male,Florida,2021-08-13 10:19:49.189189184
406,42,Male,California,2021-08-14 21:24:19.459459456
407,22,Female,Texas,2021-08-16 08:28:49.729729728
408,33,Female,Texas,2021-08-17 19:33:20.000000000
409,36,Female,Illinois,2021-08-19 06:37:50.270270272
410,41,Female,New York,2021-08-20 17:42:20.540540536
411,43,Female,Texas,2021-08-22 04:46:50.810810808
412,21,Female,New York,2021-08-23 15:51:21.081081080
413,18,Male,Florida,2021-08-25 02:55:51.351351352
414,50,Male,New York,2021-08-26 14:00:21.621621616
415,38,Female,Florida,2021-08-28 01:04:51.891891888
416,26,Male,California,2021-08-29 12:09:22.162162160
417,53,Female,California,2021-08-30 23:13:52.432432432
418,36,Male,Illinois,2021-09-01 10:18:22.702702704
419,49,Female,Texas,2021-09-02 21:22:52.972972968
420,35,Female,Illinois,2021-09-04 08:27:23.243243240
421,59,Male,Florida,2021-09-05 19:31:53.513513512
422,56,Male,Illinois,2021-09-07 06:36:23.783783784
423,32,Female,New York,2021-09-08 17:40:54.054054056
424,46,Female,Florida,2021-09-10 04:45:24.324324320
425,42,Male,California,2021-09-11 15:49:54.594594592
426,51,Male,Texas,2021-09-13 02:54:24.864864864
427,23,Female,Florida,2021-09-14 13:58:55.135135136
428,43,Male,Florida,2021-09-16 01:03:25.405405400
429,47,Female,New York,2021-09-17 12:07:55.675675672
430,18,Female,Texas,2021-09-18 23:12:25.945945944
431,20,Female,California,2021-09-20 10:16:56.216216216
432,18,Female,Florida,2021-09-21 21:21:26.486486488
433,31,Male,Florida,2021-09-23 08:25:56.756756752
434,43,Male,New York,2021-09-24 19:30:27.027027024
435,53,Male,Illinois,2021-09-26 06:34:57.297297296
436,35,Male,California,2021-09-27 17:39:27.567567568
437,54,Male,Texas,2021-09-29 04:43:57.837837832
438,18,Male,Florida,2021-09-30 15:48:28.108108104
439,18,Male,Florida,2021-10-02 02:52:58.378378376
440,34,Female,California,2021-10-03 13:57:28.648648648
441,39,Male,Illinois,2021-10-05 01:01:58.918918920
442,34,Male,Florida,2021-10-06 12:06:29.189189184
443,18,Female,California,2021-10-07 23:10:59.459459456
444,33,Male,New York,2021-10-09 10:15:29.729729728
445,19,Male,Illinois,2021-10-10 21:20:00.000000000
446,43,Female,Texas,2021-10-12 08:24:30.270270272
447,39,Male,Florida,2021-10-13 19:29:00.540540536
448,23,Male,California,2021-10-15 06:33:30.810810808
449,28,Male,New York,2021-10-16 17:38:01.081081080
450,22,Female,Texas,2021-10-18 04:42:31.351351352
451,34,Male,California,2021-10-19 15:47:01.621621616
452,46,Male,California,2021-10-21 02:51:31.891891888
453,23,Female,Texas,2021-10-22 13:56:02.162162160
454,41,Male,New York,2021-10-24 01:00:32.432432432
455,28,Female,New York,2021-10-25 12:05:02.702702704
456,25,Female,Illinois,2021-10-26 23:09:32.972972968
457,33,Male,Florida,2021-10-28 10:14:03.243243240
458,22,Female,Texas,2021-10-29 21:18:33.513513512
459,28,Female,Texas,2021-10-31 08:23:03.783783784
460,20,Male,Texas,2021-11-01 19:27:34.054054048
461,58,Female,New York,2021-11-03 06:32:04.324324320
462,35,Female,Florida,2021-11-04 17:36:34.594594592
463,26,Male,Illinois,2021-11-06 04:41:04.864864864
464,37,Male,California,2021-11-07 15:45:35.135135136
465,33,Male,California,2021-11-09 02:50:05.405405400
466,32,Female,Texas,2021-11-10 13:54:35.675675672
467,42,Male,Florida,2021-11-12 00:59:05.945945944
468,44,Female,New York,2021-11-13 12:03:36.216216216
469,28,Female,Florida,2021-11-14 23:08:06.486486488
470,28,Female,Florida,2021-11-16 10:12:36.756756752
471,31,Female,New York,2021-11-17 21:17:07.027027024
472,18,Female,Texas,2021-11-19 08:21:37.297297296
473,18,Female,Florida,2021-11-20 19:26:07.567567568
474,51,Female,California,2021-11-22 06:30:37.837837832
475,54,Male,New York,2021-11-23 17:35:08.108108104
476,32,Male,Illinois,2021-11-25 04:39:38.378378376
477,41,Female,Texas,2021-11-26 15:44:08.648648648
478,38,Female,New York,2021-11-28 02:48:38.918918920
479,71,Male,Illinois,2021-11-29 13:53:09.189189184
480,48,Female,Illinois,2021-12-01 00:57:39.459459456
481,33,Male,Florida,2021-12-02 12:02:09.729729728
482,23,Male,Florida,2021-12-03 23:06:40.000000000
483,18,Male,Florida,2021-12-05 10:11:10.270270272
484,37,Female,New York,2021-12-06 21:15:40.540540536
485,25,Female,New York,2021-12-08 08:20:10.810810808
486,18,Male,Texas,2021-12-09 19:24:41.081081080
487,27,Male,Florida,2021-12-11 06:29:11.351351352
488,22,Male,Illinois,2021-12-12 17:33:41.621621616
489,55,Male,California,2021-12-14 04:38:11.891891888
490,45,Male,Texas,2021-12-15 15:42:42.162162160
491,34,Female,New York,2021-12-17 02:47:12.432432432
492,52,Male,Texas,2021-12-18 13:51:42.702702704
493,35,Female,Texas,2021-12-20 00:56:12.972972968
494,24,Male,Texas,2021-12-21 12:00:43.243243240
495,53,Female,Texas,2021-12-22 23:05:13.513513512
496,41,Female,California,2021-12-24 10:09:43.783783784
497,22,Female,Florida,2021-12-25 21:14:14.054054048
498,32,Female,Illinois,2021-12-27 08:18:44.324324320
499,24,Female,Texas,2021-12-28 19:23:14.594594592
500,18,Female,Texas,2021-12-30 06:27:44.864864864
501,46,Male,Texas,2021-12-31 17:32:15.135135136
502,57,Female,Florida,2022-01-02 04:36:45.405405400
503,18,Male,New York,2022-01-03 15:41:15.675675672
504,41,Female,New York,2022-01-05 02:45:45.945945944
505,27,Female,California,2022-01-06 13:50:16.216216216
506,29,Male,New York,2022-01-08 00:54:46.486486488
507,27,Female,Texas,2022-01-09 11:59:16.756756752
508,24,Male,Texas,2022-01-10 23:03:47.027027024
509,35,Male,Texas,2022-01-12 10:08:17.297297296
510,25,Male,California,2022-01-13 21:12:47.567567568
511,38,Male,Texas,2022-01-15 08:17:17.837837832
512,34,Female,New York,2022-01-16 19:21:48.108108104
513,32,Female,Florida,2022-01-18 06:26:18.378378376
514,24,Male,Florida,2022-01-19 17:30:48.648648648
515,28,Female,Illinois,2022-01-21 04:35:18.918918920
516,44,Female,New York,2022-01-22 15:39:49.189189184
517,41,Male,Texas,2022-01-24 02:44:19.459459456
518,23,Female,Florida,2022-01-25 13:48:49.729729728
519,36,Male,New York,2022-01-27 00:53:20.000000000
520,44,Male,Florida,2022-01-28 11:57:50.270270264
521,18,Female,Texas,2022-01-29 23:02:20.540540536
522,41,Female,Florida,2022-01-31 10:06:50.810810808
523,27,Female,Illinois,2022-02-01 21:11:21.081081080
524,41,Male,Illinois,2022-02-03 08:15:51.351351352
525,25,Male,Florida,2022-02-04 19:20:21.621621616
526,18,Female,New York,2022-02-06 06:24:51.891891888
527,18,Female,New York,2022-02-07 17:29:22.162162160
528,35,Female,New York,2022-02-09 04:33:52.432432432
529,38,Female,Florida,2022-02-10 15:38:22.702702704
530,24,Male,New York,2022-02-12 02:42:52.972972968
531,42,Female,Texas,2022-02-13 13:47:23.243243240
532,18,Male,Illinois,2022-02-15 00:51:53.513513512
533,34,Male,Texas,2022-02-16 11:56:23.783783784
534,20,Female,New York,2022-02-17 23:00:54.054054048
535,27,Female,Texas,2022-02-19 10:05:24.324324320
536,35,Female,New York,2022-02-20 21:09:54.594594592
537,24,Male,Florida,2022-02-22 08:14:24.864864864
538,30,Female,Texas,2022-02-23 19:18:55.135135136
539,47,Female,Florida,2022-02-25 06:23:25.405405400
540,28,Male,Florida,2022-02-26 17:27:55.675675672
541,45,Female,California,2022-02-28 04:32:25.945945944
542,21,Male,New York,2022-03-01 15:36:56.216216216
543,41,Female,Illinois,2022-03-03 02:41:26.486486480
544,52,Male,New York,2022-03-04 13:45:56.756756752
545,18,Female,Illinois,2022-03-06 00:50:27.027027024
546,25,Female,New York,2022-03-07 11:54:57.297297296
547,41,Male,Florida,2022-03-08 22:59:27.567567568
548,32,Male,Texas,2022-03-10 10:03:57.837837832
549,39,Female,Texas,2022-03-11 21:08:28.108108104
550,27,Male,California,2022-03-13 08:12:58.378378376
551,36,Male,Illinois,2022-03-14 19:17:28.648648648
552,33,Male,Illinois,2022-03-16 06:21:58.918918920
553,49,Male,Illinois,2022-03-17 17:26:29.189189184
554,38,Female,Florida,2022-03-19 04:30:59.459459456
555,39,Female,Illinois,2022-03-20 15:35:29.729729728
556,30,Male,Texas,2022-03-22 02:40:00.000000000
557,29,Male,Florida,2022-03-23 13:44:30.270270264
558,29,Male,New York,2022-03-25 00:49:00.540540536
559,39,Male,Illinois,2022-03-26 11:53:30.810810808
560,29,Female,Illinois,2022-03-27 22:58:01.081081080
561,38,Female,New York,2022-03-29 10:02:31.351351352
562,59,Male,Illinois,2022-03-30 21:07:01.621621616
563,45,Male,New York,2022-04-01 08:11:31.891891888
564,31,Male,Florida,2022-04-02 19:16:02.162162160
565,49,Female,Texas,2022-04-04 06:20:32.432432432
566,30,Male,New York,2022-04-05 17:25:02.702702704
567,18,Female,California,2022-04-07 04:29:32.972972968
568,22,Male,New York,2022-04-08 15:34:03.243243240
569,18,Female,Illinois,2022-04-10 02:38:33.513513512
570,30,Male,Florida,2022-04-11 13:43:03.783783784
571,35,Female,Florida,2022-04-13 00:47:34.054054048
572,55,Male,New York,2022-04-14 11:52:04.324324320
573,38,Male,Texas,2022-04-15 22:56:34.594594592
574,32,Male,California,2022-04-17 10:01:04.864864864
575,44,Female,Florida,2022-04-18 21:05:35.135135136
576,18,Male,Illinois,2022-04-20 08:10:05.405405408
577,37,Female,Illinois,2022-04-21 19:14:35.675675680
578,44,Female,Texas,2022-04-23 06:19:05.945945936
579,18,Male,Florida,2022-04-24 17:23:36.216216208
580,48,Male,New York,2022-04-26 04:28:06.486486480
581,39,Male,Illinois,2022-04-27 15:32:36.756756752
582,30,Female,Texas,2022-04-29 02:37:07.027027024
583,42,Male,Florida,2022-04-30 13:41:37.297297296
584,62,Female,Florida,2022-05-02 00:46:07.567567568
585,37,Female,Florida,2022-05-03 11:50:37.837837840
586,37,Male,Florida,2022-05-04 22:55:08.108108112
587,29,Male,Florida,2022-05-06 09:59:38.378378368
588,24,Male,Illinois,2022-05-07 21:04:08.648648640
589,44,Male,Texas,2022-05-09 08:08:38.918918912
590,24,Male,Florida,2022-05-10 19:13:09.189189184
591,35,Male,California,2022-05-12 06:17:39.459459456
592,29,Female,California,2022-05-13 17:22:09.729729728
593,40,Female,Texas,2022-05-15 04:26:40.000000000
594,39,Female,New York,2022-05-16 15:31:10.270270272
595,47,Male,New York,2022-05-18 02:35:40.540540544
596,28,Female,New York,2022-05-19 13:40:10.810810816
597,31,Female,California,2022-05-21 00:44:41.081081072
598,23,Female,New York,2022-05-22 11:49:11.351351344
599,29,Female,Illinois,2022-05-23 22:53:41.621621616
600,39,Female,Florida,2022-05-25 09:58:11.891891888
601,44,Male,California,2022-05-26 21:02:42.162162160
602,23,Male,Texas,2022-05-28 08:07:12.432432432
603,45,Female,Texas,2022-05-29 19:11:42.702702704
604,51,Female,Florida,2022-05-31 06:16:12.972972976
605,39,Female,California,2022-06-01 17:20:43.243243248
606,57,Male,New York,2022-06-03 04:25:13.513513504
607,25,Male,New York,2022-06-04 15:29:43.783783776
608,20,Female,Illinois,2022-06-06 02:34:14.054054048
609,18,Male,Illinois,2022-06-07 13:38:44.324324320
610,52,Male,New York,2022-06-09 00:43:14.594594592
611,42,Female,Texas,2022-06-10 11:47:44.864864864
612,34,Male,Texas,2022-06-11 22:52:15.135135136
613,38,Male,Illinois,2022-06-13 09:56:45.405405408
614,21,Female,Florida,2022-06-14 21:01:15.675675680
615,64,Male,New York,2022-06-16 08:05:45.945945936
616,36,Male,Illinois,2022-06-17 19:10:16.216216208
617,36,Female,Illinois,2022-06-19 06:14:46.486486480
618,43,Male,New York,2022-06-20 17:19:16.756756752
619,40,Male,New York,2022-06-22 04:23:47.027027024
620,37,Female,Texas,2022-06-23 15:28:17.297297296
621,25,Female,Florida,2022-06-25 02:32:47.567567568
622,40,Female,Florida,2022-06-26 13:37:17.837837840
623,57,Male,New York,2022-06-28 00:41:48.108108112
624,51,Female,California,2022-06-29 11:46:18.378378368
625,54,Male,Illinois,2022-06-30 22:50:48.648648640
626,28,Female,Illinois,2022-07-02 09:55:18.918918912
627,23,Male,New York,2022-07-03 20:59:49.189189184
628,33,Female,California,2022-07-05 08:04:19.459459456
629,35,Female,Texas,2022-07-06 19:08:49.729729728
630,48,Female,New York,2022-07-08 06:13:20.000000000
631,18,Female,New York,2022-07-09 17:17:50.270270272
632,53,Male,Illinois,2022-07-11 04:22:20.540540544
633,33,Female,New York,2022-07-12 15:26:50.810810800
634,29,Female,New York,2022-07-14 02:31:21.081081072
635,22,Male,New York,2022-07-15 13:35:51.351351344
636,18,Female,Illinois,2022-07-17 00:40:21.621621616
637,44,Male,Texas,2022-07-18 11:44:51.891891888
638,35,Female,Texas,2022-07-19 22:49:22.162162160
639,19,Female,New York,2022-07-21 09:53:52.432432432
640,19,Female,Illinois,2022-07-22 20:58:22.702702704
641,30,Male,Texas,2022-07-24 08:02:52.972972976
642,55,Female,Texas,2022-07-25 19:07:23.243243248
643,31,Female,Texas,2022-07-27 06:11:53.513513504
644,18,Female,Illinois,2022-07-28 17:16:23.783783776
645,32,Male,Illinois,2022-07-30 04:20:54.054054048
646,31,Male,New York,2022-07-31 15:25:24.324324320
647,18,Female,Florida,2022-08-02 02:29:54.594594592
648,34,Male,Texas,2022-08-03 13:34:24.864864864
649,32,Female,Florida,2022-08-05 00:38:55.135135136
650,43,Female,Illinois,2022-08-06 11:43:25.405405408
651,57,Female,Illinois,2022-08-07 22:47:55.675675680
652,48,Female,Illinois,2022-08-09 09:52:25.945945936
653,31,Female,Florida,2022-08-10 20:56:56.216216208
654,21,Female,Illinois,2022-08-12 08:01:26.486486480
655,65,Female,New York,2022-08-13 19:05:56.756756752
656,35,Male,Illinois,2022-08-15 06:10:27.027027024
657,35,Male,California,2022-08-16 17:14:57.297297296
658,34,Male,Florida,2022-08-18 04:19:27.567567568
659,37,Male,California,2022-08-19 15:23:57.837837840
660,33,Male,Illinois,2022-08-21 02:28:28.108108112
661,28,Male,New York,2022-08-22 13:32:58.378378368
662,28,Male,Texas,2022-08-24 00:37:28.648648640
663,34,Female,Illinois,2022-08-25 11:41:58.918918912
664,28,Female,New York,2022-08-26 22:46:29.189189184
665,26,Female,Florida,2022-08-28 09:50:59.459459456
666,36,Female,California,2022-08-29 20:55:29.729729728
667,31,Male,California,2022-08-31 08:00:00.000000000
668,53,Male,California,2022-09-01 19:04:30.270270272
669,18,Female,Florida,2022-09-03 06:09:00.540540544
670,48,Female,New York,2022-09-04 17:13:30.810810800
671,49,Male,Florida,2022-09-06 04:18:01.081081072
672,18,Female,California,2022-09-07 15:22:31.351351344
673,30,Female,Illinois,2022-09-09 02:27:01.621621616
674,30,Female,Texas,2022-09-10 13:31:31.891891888
675,18,Female,Florida,2022-09-12 00:36:02.162162160
676,25,Male,Florida,2022-09-13 11:40:32.432432432
677,21,Female,New York,2022-09-14 22:45:02.702702704
678,56,Female,New York,2022-09-16 09:49:32.972972976
679,46,Male,Florida,2022-09-17 20:54:03.243243248
680,50,Male,California,2022-09-19 07:58:33.513513504
681,43,Female,Texas,2022-09-20 19:03:03.783783776
682,21,Male,New York,2022-09-22 06:07:34.054054048
683,28,Female,California,2022-09-23 17:12:04.324324320
684,40,Female,Illinois,2022-09-25 04:16:34.594594592
685,20,Male,New York,2022-09-26 15:21:04.864864864
686,43,Female,California,2022-09-28 02:25:35.135135136
687,32,Female,California,2022-09-29 13:30:05.405405408
688,30,Female,Texas,2022-10-01 00:34:35.675675680
689,43,Female,Texas,2022-10-02 11:39:05.945945936
690,40,Male,Illinois,2022-10-03 22:43:36.216216208
691,30,Male,California,2022-10-05 09:48:06.486486480
692,48,Female,California,2022-10-06 20:52:36.756756752
693,22,Male,Texas,2022-10-08 07:57:07.027027024
694,42,Female,New York,2022-10-09 19:01:37.297297296
695,42,Female,New York,2022-10-11 06:06:07.567567568
696,31,Female,Florida,2022-10-12 17:10:37.837837840
697,38,Female,Texas,2022-10-14 04:15:08.108108112
698,19,Female,Florida,2022-10-15 15:19:38.378378368
699,46,Male,Texas,2022-10-17 02:24:08.648648640
700,32,Female,Illinois,2022-10-18 13:28:38.918918912
701,28,Male,California,2022-10-20 00:33:09.189189184
702,47,Male,Illinois,2022-10-21 11:37:39.459459456
703,26,Female,Texas,2022-10-22 22:42:09.729729728
704,18,Female,California,2022-10-24 09:46:40.000000000
705,18,Female,New York,2022-10-25 20:51:10.270270272
706,42,Female,New York,2022-10-27 07:55:40.540540544
707,19,Female,Florida,2022-10-28 19:00:10.810810800
708,56,Male,Texas,2022-10-30 06:04:41.081081072
709,18,Female,Texas,2022-10-31 17:09:11.351351344
710,55,Female,New York,2022-11-02 04:13:41.621621616
711,37,Male,Illinois,2022-11-03 15:18:11.891891888
712,33,Male,California,2022-11-05 02:22:42.162162160
713,28,Female,Illinois,2022-11-06 13:27:12.432432432
714,39,Male,Illinois,2022-11-08 00:31:42.702702704
715,34,Female,New York,2022-11-09 11:36:12.972972976
716,48,Male,New York,2022-11-10 22:40:43.243243232
717,36,Male,New York,2022-11-12 09:45:13.513513504
718,36,Female,Florida,2022-11-13 20:49:43.783783776
719,30,Male,Illinois,2022-11-15 07:54:14.054054048
720,34,Male,Texas,2022-11-16 18:58:44.324324320
721,38,Male,California,2022-11-18 06:03:14.594594592
722,18,Male,Florida,2022-11-19 17:07:44.864864864
723,18,Male,Texas,2022-11-21 04:12:15.135135136
724,43,Male,Illinois,2022-11-22 15:16:45.405405408
725,37,Female,New York,2022-11-24 02:21:15.675675680
726,32,Female,Illinois,2022-11-25 13:25:45.945945936
727,35,Male,California,2022-11-27 00:30:16.216216208
728,39,Female,Florida,2022-11-28 11:34:46.486486480
729,28,Female,Florida,2022-11-29 22:39:16.756756752
730,25,Female,California,2022-12-01 09:43:47.027027024
731,37,Male,Texas,2022-12-02 20:48:17.297297296
732,23,Female,Texas,2022-12-04 07:52:47.567567568
733,39,Male,Florida,2022-12-05 18:57:17.837837840
734,18,Female,Florida,2022-12-07 06:01:48.108108112
735,47,Male,New York,2022-12-08 17:06:18.378378368
736,40,Male,Texas,2022-12-10 04:10:48.648648640
737,38,Female,California,2022-12-11 15:15:18.918918912
738,46,Female,Texas,2022-12-13 02:19:49.189189184
739,54,Male,New York,2022-12-14 13:24:19.459459456
740,47,Female,Florida,2022-12-16 00:28:49.729729728
741,18,Female,Florida,2022-12-17 11:33:20.000000000
742,19,Female,New York,2022-12-18 22:37:50.270270272
743,27,Male,California,2022-12-20 09:42:20.540540544
744,35,Male,Florida,2022-12-21 20:46:50.810810800
745,41,Female,Illinois,2022-12-23 07:51:21.081081072
746,26,Female,Florida,2022-12-24 18:55:51.351351344
747,37,Female,Illinois,2022-12-26 06:00:21.621621616
748,25,Male,New York,2022-12-27 17:04:51.891891888
749,27,Male,New York,2022-12-29 04:09:22.162162160
750,18,Female,Florida,2022-12-30 15:13:52.432432432
751,23,Female,Texas,2023-01-01 02:18:22.702702704
752,18,Female,Illinois,2023-01-02 13:22:52.972972976
753,23,Female,California,2023-01-04 00:27:23.243243232
754,47,Female,Florida,2023-01-05 11:31:53.513513504
755,23,Female,California,2023-01-06 22:36:23.783783776
756,66,Male,Florida,2023-01-08 09:40:54.054054048
757,40,Female,Texas,2023-01-09 20:45:24.324324320
758,37,Male,Texas,2023-01-11 07:49:54.594594592
759,24,Female,Texas,2023-01-12 18:54:24.864864864
760,43,Female,Texas,2023-01-14 05:58:55.135135136
761,28,Male,New York,2023-01-15 17:03:25.405405408
762,36,Male,New York,2023-01-17 04:07:55.675675680
763,65,Male,Illinois,2023-01-18 15:12:25.945945936
764,33,Male,California,2023-01-20 02:16:56.216216208
765,48,Female,Florida,2023-01-21 13:21:26.486486480
766,26,Male,Florida,2023-01-23 00:25:56.756756752
767,34,Female,New York,2023-01-24 11:30:27.027027024
768,56,Male,Florida,2023-01-25 22:34:57.297297296
769,27,Female,New York,2023-01-27 09:39:27.567567568
770,56,Female,Illinois,2023-01-28 20:43:57.837837840
771,43,Female,California,2023-01-30 07:48:28.108108112
772,28,Female,Illinois,2023-01-31 18:52:58.378378368
773,42,Female,Texas,2023-02-02 05:57:28.648648640
774,46,Female,Texas,2023-02-03 17:01:58.918918912
775,42,Male,Texas,2023-02-05 04:06:29.189189184
776,18,Female,Illinois,2023-02-06 15:10:59.459459456
777,26,Male,Florida,2023-02-08 02:15:29.729729728
778,32,Male,California,2023-02-09 13:20:00.000000000
779,34,Female,Texas,2023-02-11 00:24:30.270270272
780,42,Male,Texas,2023-02-12 11:29:00.540540544
781,37,Female,Texas,2023-02-13 22:33:30.810810800
782,18,Male,California,2023-02-15 09:38:01.081081072
783,39,Female,Texas,2023-02-16 20:42:31.351351344
784,42,Male,California,2023-02-18 07:47:01.621621616
785,41,Female,Texas,2023-02-19 18:51:31.891891888
786,47,Female,Illinois,2023-02-21 05:56:02.162162160
787,45,Female,Illinois,2023-02-22 17:00:32.432432432
788,40,Female,California,2023-02-24 04:05:02.702702704
789,34,Male,Illinois,2023-02-25 15:09:32.972972976
790,18,Female,California,2023-02-27 02:14:03.243243232
791,40,Male,Illinois,2023-02-28 13:18:33.513513504
792,37,Male,Illinois,2023-03-02 00:23:03.783783776
793,38,Male,California,2023-03-03 11:27:34.054054048
794,19,Female,Florida,2023-03-04 22:32:04.324324320
795,22,Male,Illinois,2023-03-06 09:36:34.594594592
796,47,Male,Texas,2023-03-07 20:41:04.864864864
797,34,Male,Florida,2023-03-09 07:45:35.135135136
798,43,Female,California,2023-03-10 18:50:05.405405408
799,35,Female,Florida,2023-03-12 05:54:35.675675664
800,35,Male,New York,2023-03-13 16:59:05.945945936
801,46,Female,New York,2023-03-15 04:03:36.216216208
802,28,Female,Illinois,2023-03-16 15:08:06.486486480
803,36,Male,Illinois,2023-03-18 02:12:36.756756752
804,29,Male,Texas,2023-03-19 13:17:07.027027024
805,29,Female,Florida,2023-03-21 00:21:37.297297296
806,31,Male,New York,2023-03-22 11:26:07.567567568
807,37,Female,Illinois,2023-03-23 22:30:37.837837840
808,29,Female,Florida,2023-03-25 09:35:08.108108112
809,50,Female,Illinois,2023-03-26 20:39:38.378378368
810,24,Female,Illinois,2023-03-28 07:44:08.648648640
811,32,Female,New York,2023-03-29 18:48:38.918918912
812,29,Female,New York,2023-03-31 05:53:09.189189184
813,52,Male,Illinois,2023-04-01 16:57:39.459459456
814,37,Male,California,2023-04-03 04:02:09.729729728
815,47,Female,Illinois,2023-04-04 15:06:40.000000000
816,18,Female,Illinois,2023-04-06 02:11:10.270270272
817,38,Female,Texas,2023-04-07 13:15:40.540540544
818,45,Male,Texas,2023-04-09 00:20:10.810810800
819,35,Female,Texas,2023-04-10 11:24:41.081081072
820,47,Male,California,2023-04-11 22:29:11.351351344
821,28,Female,California,2023-04-13 09:33:41.621621616
822,51,Female,Illinois,2023-04-14 20:38:11.891891888
823,62,Male,Texas,2023-04-16 07:42:42.162162160
824,30,Male,California,2023-04-17 18:47:12.432432432
825,29,Female,New York,2023-04-19 05:51:42.702702704
826,52,Female,Illinois,2023-04-20 16:56:12.972972976
827,53,Female,Florida,2023-04-22 04:00:43.243243232
828,28,Male,Illinois,2023-04-23 15:05:13.513513504
829,29,Male,Florida,2023-04-25 02:09:43.783783776
830,31,Male,Texas,2023-04-26 13:14:14.054054048
831,18,Male,Florida,2023-04-28 00:18:44.324324320
832,23,Male,Texas,2023-04-29 11:23:14.594594592
833,22,Male,New York,2023-04-30 22:27:44.864864864
834,25,Female,Florida,2023-05-02 09:32:15.135135136
835,34,Female,Illinois,2023-05-03 20:36:45.405405408
836,37,Male,Texas,2023-05-05 07:41:15.675675664
837,53,Female,Illinois,2023-05-06 18:45:45.945945936
838,23,Female,California,2023-05-08 05:50:16.216216208
839,46,Male,Texas,2023-05-09 16:54:46.486486480
840,32,Female,Florida,2023-05-11 03:59:16.756756752
841,34,Male,Texas,2023-05-12 15:03:47.027027024
842,43,Male,Illinois,2023-05-14 02:08:17.297297296
843,21,Female,New York,2023-05-15 13:12:47.567567568
844,39,Male,Texas,2023-05-17 00:17:17.837837840
845,36,Male,Florida,2023-05-18 11:21:48.108108112
846,40,Male,California,2023-05-19 22:26:18.378378368
847,38,Male,New York,2023-05-21 09:30:48.648648640
848,64,Male,California,2023-05-22 20:35:18.918918912
849,27,Male,Texas,2023-05-24 07:39:49.189189184
850,28,Male,Illinois,2023-05-25 18:44:19.459459456
851,27,Male,Illinois,2023-05-27 05:48:49.729729728
852,28,Female,Florida,2023-05-28 16:53:20.000000000
853,27,Female,Illinois,2023-05-30 03:57:50.270270272
854,49,Female,New York,2023-05-31 15:02:20.540540544
855,52,Male,Illinois,2023-06-02 02:06:50.810810800
856,28,Male,Florida,2023-06-03 13:11:21.081081072
857,25,Female,Texas,2023-06-05 00:15:51.351351344
858,40,Female,Texas,2023-06-06 11:20:21.621621616
859,28,Female,Illinois,2023-06-07 22:24:51.891891888
860,42,Male,California,2023-06-09 09:29:22.162162160
861,37,Female,Texas,2023-06-10 20:33:52.432432432
862,18,Female,Illinois,2023-06-12 07:38:22.702702704
863,53,Male,Florida,2023-06-13 18:42:52.972972976
864,56,Female,Illinois,2023-06-15 05:47:23.243243232
865,27,Male,Texas,2023-06-16 16:51:53.513513504
866,30,Male,Florida,2023-06-18 03:56:23.783783776
867,38,Male,Illinois,2023-06-19 15:00:54.054054048
868,39,Female,New York,2023-06-21 02:05:24.324324320
869,42,Female,Florida,2023-06-22 13:09:54.594594592
870,59,Male,New York,2023-06-24 00:14:24.864864864
871,32,Female,California,2023-06-25 11:18:55.135135136
872,25,Female,Florida,2023-06-26 22:23:25.405405408
873,18,Female,New York,2023-06-28 09:27:55.675675664
874,26,Female,Texas,2023-06-29 20:32:25.945945936
875,34,Male,Texas,2023-07-01 07:36:56.216216208
876,56,Female,California,2023-07-02 18:41:26.486486480
877,28,Male,Florida,2023-07-04 05:45:56.756756752
878,37,Male,Florida,2023-07-05 16:50:27.027027024
879,34,Female,Florida,2023-07-07 03:54:57.297297296
880,49,Male,California,2023-07-08 14:59:27.567567568
881,65,Female,Florida,2023-07-10 02:03:57.837837840
882,28,Female,Texas,2023-07-11 13:08:28.108108112
883,29,Male,New York,2023-07-13 00:12:58.378378368
884,47,Male,Texas,2023-07-14 11:17:28.648648640
885,43,Male,Texas,2023-07-15 22:21:58.918918912
886,57,Male,New York,2023-07-17 09:26:29.189189184
887,42,Female,Texas,2023-07-18 20:30:59.459459456
888,30,Female,California,2023-07-20 07:35:29.729729728
889,42,Female,New York,2023-07-21 18:40:00.000000000
890,48,Male,Texas,2023-07-23 05:44:30.270270272
891,44,Male,Illinois,2023-07-24 16:49:00.540540544
892,41,Male,Texas,2023-07-26 03:53:30.810810800
893,47,Female,California,2023-07-27 14:58:01.081081072
894,49,Male,Florida,2023-07-29 02:02:31.351351344
895,51,Female,Texas,2023-07-30 13:07:01.621621616
896,42,Male,Florida,2023-08-01 00:11:31.891891888
897,32,Female,Illinois,2023-08-02 11:16:02.162162160
898,36,Female,Texas,2023-08-03 22:20:32.432432432
899,49,Male,New York,2023-08-05 09:25:02.702702704
900,25,Male,Florida,2023-08-06 20:29:32.972972976
901,39,Female,Illinois,2023-08-08 07:34:03.243243232
902,30,Female,New York,2023-08-09 18:38:33.513513504
903,35,Male,New York,2023-08-11 05:43:03.783783776
904,50,Male,New York,2023-08-12 16:47:34.054054048
905,37,Female,New York,2023-08-14 03:52:04.324324320
906,35,Male,Texas,2023-08-15 14:56:34.594594592
907,18,Female,Texas,2023-08-17 02:01:04.864864864
908,43,Female,Texas,2023-08-18 13:05:35.135135136
909,42,Male,Illinois,2023-08-20 00:10:05.405405408
910,60,Male,Illinois,2023-08-21 11:14:35.675675664
911,31,Male,Illinois,2023-08-22 22:19:05.945945936
912,37,Male,California,2023-08-24 09:23:36.216216208
913,37,Male,Illinois,2023-08-25 20:28:06.486486480
914,53,Female,Texas,2023-08-27 07:32:36.756756752
915,33,Female,Texas,2023-08-28 18:37:07.027027024
916,38,Male,California,2023-08-30 05:41:37.297297296
917,42,Male,California,2023-08-31 16:46:07.567567568
918,37,Male,Illinois,2023-09-02 03:50:37.837837840
919,29,Female,Florida,2023-09-03 14:55:08.108108096
920,37,Male,California,2023-09-05 01:59:38.378378368
921,47,Male,New York,2023-09-06 13:04:08.648648640
922,22,Female,Texas,2023-09-08 00:08:38.918918912
923,36,Female,New York,2023-09-09 11:13:09.189189184
924,26,Male,Texas,2023-09-10 22:17:39.459459456
925,49,Male,Texas,2023-09-12 09:22:09.729729728
926,18,Male,California,2023-09-13 20:26:40.000000000
927,28,Female,California,2023-09-15 07:31:10.270270272
928,39,Male,New York,2023-09-16 18:35:40.540540544
929,53,Male,Texas,2023-09-18 05:40:10.810810800
930,34,Male,New York,2023-09-19 16:44:41.081081072
931,28,Female,Florida,2023-09-21 03:49:11.351351344
932,57,Female,New York,2023-09-22 14:53:41.621621616
933,18,Male,Illinois,2023-09-24 01:58:11.891891888
934,18,Male,New York,2023-09-25 13:02:42.162162160
935,40,Female,Illinois,2023-09-27 00:07:12.432432432
936,28,Female,Illinois,2023-09-28 11:11:42.702702704
937,22,Female,Illinois,2023-09-29 22:16:12.972972976
938,43,Female,Florida,2023-10-01 09:20:43.243243232
939,37,Female,New York,2023-10-02 20:25:13.513513504
940,28,Female,New York,2023-10-04 07:29:43.783783776
941,19,Female,Florida,2023-10-05 18:34:14.054054048
942,45,Female,Texas,2023-10-07 05:38:44.324324320
943,42,Female,California,2023-10-08 16:43:14.594594592
944,33,Male,New York,2023-10-10 03:47:44.864864864
945,57,Male,California,2023-10-11 14:52:15.135135136
946,22,Male,Florida,2023-10-13 01:56:45.405405408
947,18,Female,Texas,2023-10-14 13:01:15.675675664
948,26,Male,Texas,2023-10-16 00:05:45.945945936
949,34,Female,Texas,2023-10-17 11:10:16.216216208
950,37,Female,Florida,2023-10-18 22:14:46.486486480
951,32,Male,Illinois,2023-10-20 09:19:16.756756752
952,39,Female,Illinois,2023-10-21 20:23:47.027027024
953,19,Male,California,2023-10-23 07:28:17.297297296
954,52,Male,Illinois,2023-10-24 18:32:47.567567568
955,34,Male,Illinois,2023-10-26 05:37:17.837837840
956,48,Female,Texas,2023-10-27 16:41:48.108108096
957,39,Male,Texas,2023-10-29 03:46:18.378378368
958,40,Female,California,2023-10-30 14:50:48.648648640
959,41,Male,New York,2023-11-01 01:55:18.918918912
960,40,Male,California,2023-11-02 12:59:49.189189184
961,42,Male,California,2023-11-04 00:04:19.459459456
962,50,Female,Florida,2023-11-05 11:08:49.729729728
963,37,Female,Florida,2023-11-06 22:13:20.000000000
964,43,Female,California,2023-11-08 09:17:50.270270272
965,33,Male,California,2023-11-09 20:22:20.540540544
966,52,Male,California,2023-11-11 07:26:50.810810800
967,26,Female,Illinois,2023-11-12 18:31:21.081081072
968,56,Female,Florida,2023-11-14 05:35:51.351351344
969,34,Female,California,2023-11-15 16:40:21.621621616
970,18,Female,Texas,2023-11-17 03:44:51.891891888
971,36,Female,Texas,2023-11-18 14:49:22.162162160
972,26,Female,Illinois,2023-11-20 01:53:52.432432432
973,45,Male,Illinois,2023-11-21 12:58:22.702702704
974,27,Female,New York,2023-11-23 00:02:52.972972976
975,29,Male,New York,2023-11-24 11:07:23.243243232
976,18,Male,New York,2023-11-25 22:11:53.513513504
977,29,Female,Illinois,2023-11-27 09:16:23.783783776
978,18,Female,Illinois,2023-11-28 20:20:54.054054048
979,18,Male,Illinois,2023-11-30 07:25:24.324324320
980,44,Female,Texas,2023-12-01 18:29:54.594594592
981,44,Female,Illinois,2023-12-03 05:34:24.864864864
982,40,Male,Texas,2023-12-04 16:38:55.135135136
983,23,Male,New York,2023-12-06 03:43:25.405405408
984,34,Male,New York,2023-12-07 14:47:55.675675664
985,34,Female,New York,2023-12-09 01:52:25.945945936
986,21,Male,California,2023-12-10 12:56:56.216216208
987,53,Female,California,2023-12-12 00:01:26.486486480
988,45,Male,Florida,2023-12-13 11:05:56.756756752
989,32,Male,Florida,2023-12-14 22:10:27.027027024
990,35,Male,Florida,2023-12-16 09:14:57.297297296
991,37,Female,California,2023-12-17 20:19:27.567567568
992,18,Female,California,2023-12-19 07:23:57.837837840
993,32,Male,Florida,2023-12-20 18:28:28.108108096
994,26,Male,Florida,2023-12-22 05:32:58.378378368
995,22,Male,Illinois,2023-12-23 16:37:28.648648640
996,31,Female,Florida,2023-12-25 03:41:58.918918912
997,56,Male,Illinois,2023-12-26 14:46:29.189189184
998,42,Female,Texas,2023-12-28 01:50:59.459459456
999,28,Male,California,2023-12-29 12:55:29.729729728
1000,41,Male,Florida,2023-12-31 00:00:00.000000000
